id,분류,키워드,제목,권장_유형,대상_고객,상태,사용일
1,문제해결,통신요금 미납 휴대폰 개통,"통신요금 미납 휴대폰 개통, 선불폰으로 진행할 때 먼저 확인할 점",문제 해결형,통신요금 미납이나 연체로 기존 통신서비스 이용이 어려운 사람,검토필요,
2,문제해결,휴대폰 정지 본인명의 번호,휴대폰 정지 상태에서 본인명의 번호 다시 만드는 방법,문제 해결형,휴대폰 정지 상태에서 본인 명의 번호가 필요한 사람,검토필요,
3,문제해결,유심 인식 안됨,유심 인식 안됨 문제 생겼을 때 순서대로 확인하는 방법,체크리스트형,유심 또는 eSIM 개통 방법을 찾는 사람,검토필요,
4,문제해결,공기계 번호 만들기,공기계 번호 만들기 전에 알아두면 좋은 준비 과정,이용 과정형,공기계나 기존 휴대폰을 활용하고 싶은 사람,검토필요,
5,문제해결,쓰던 휴대폰 그대로 개통,쓰던 휴대폰 그대로 개통하려면 확인해야 할 조건,선택 가이드형,공기계나 기존 휴대폰을 활용하고 싶은 사람,검토필요,
6,문제해결,본인인증용 번호,본인인증용 번호가 급하게 필요할 때 선택할 수 있는 방법,문제 해결형,본인 명의 휴대폰 번호가 필요한 사람,검토필요,
7,문제해결,온라인 개통 안됨,온라인 개통 안됨 오류가 뜰 때 확인할 사항 정리,체크리스트형,온라인으로 간편하게 개통하고 싶은 사람,검토필요,
8,이용목적,업무용 세컨폰,업무용 세컨폰 만들 때 요금제 고르는 기준,사용 목적형,업무용 번호나 세컨폰이 필요한 직장인 및 자영업자,검토필요,
9,이용목적,배달용 휴대폰 개통,배달용 휴대폰 개통할 때 데이터와 통화 어떻게 고를까,사용 목적형,배달 및 업무용 휴대폰이 필요한 사용자,검토필요,
10,이용목적,카카오톡용 번호,카카오톡용 번호 따로 만들고 싶을 때 알아둘 점,추천 대상형,업무용 번호나 세컨폰이 필요한 직장인 및 자영업자,검토필요,
11,이용목적,내비게이션용 데이터 요금제,"내비게이션용 데이터 요금제, 실제로 얼마나 필요할까",선택 가이드형,배달 및 업무용 휴대폰이 필요한 사용자,검토필요,
12,이용목적,영상 시청 데이터 요금제,영상 시청 많은 분들을 위한 데이터 요금제 선택법,비교형,약정에 대한 부담 없이 통신서비스를 이용하고 싶은 사람,검토필요,
13,이용목적,단기 휴대폰 번호,단기 휴대폰 번호가 필요할 때 선불폰이 맞는 경우,추천 대상형,단기간 사용할 번호가 필요한 사람,검토필요,
14,이용목적,외국인 선불폰 개통,외국인 선불폰 개통 전에 준비할 서류와 확인 사항,정보 가이드형,외국인 및 유학생,검토필요,
15,비교,선불폰 후불폰 차이,"선불폰 후불폰 차이, 요금 내는 방식부터 다릅니다",비교형,신용조회 부담 없이 휴대폰 번호를 사용하고 싶은 사람,검토필요,
16,비교,선불폰 알뜰폰 차이,선불폰 알뜰폰 차이 헷갈릴 때 정리해봤어요,오해 해결형,약정에 대한 부담 없이 통신서비스를 이용하고 싶은 사람,검토필요,
17,비교,신규가입 번호이동 차이,신규가입 번호이동 차이와 나에게 맞는 선택,비교형,본인 명의 휴대폰 번호가 필요한 사람,검토필요,
18,비교,유심 eSIM 차이,"유심 eSIM 차이, 내 휴대폰에는 어떤 게 맞을까",비교형,유심 또는 eSIM 개통 방법을 찾는 사람,검토필요,
19,비교,데이터 사용량별 요금제,데이터 사용량별 요금제 비교로 내 사용 패턴 찾기,비교형,약정에 대한 부담 없이 통신서비스를 이용하고 싶은 사람,검토필요,
20,가이드,비대면 셀프개통,비대면 셀프개통 처음 해본다면 이 순서대로,이용 과정형,온라인으로 간편하게 개통하고 싶은 사람,검토필요,
21,가이드,선불유심 준비,선불유심 준비할 때 빠뜨리기 쉬운 것들,체크리스트형,유심 또는 eSIM 개통 방법을 찾는 사람,검토필요,
22,가이드,유심 등록 방법,유심 등록 방법과 등록 후 바로 확인할 것,정보 가이드형,유심 또는 eSIM 개통 방법을 찾는 사람,검토필요,
23,가이드,개통 후 휴대폰 설정,개통 후 휴대폰 설정에서 놓치기 쉬운 부분,체크리스트형,공기계나 기존 휴대폰을 활용하고 싶은 사람,검토필요,
24,가이드,선불폰 요금제 선택,선불폰 요금제 선택 전에 내 사용량부터 확인해보세요,선택 가이드형,약정에 대한 부담 없이 통신서비스를 이용하고 싶은 사람,검토필요,
25,지역,서울 선불폰,서울 선불폰 매장 방문 없이 개통하는 방법,이용 과정형,온라인으로 간편하게 개통하고 싶은 사람,검토필요,
26,지역,부산 선불유심,부산 선불유심 구하기 전에 알아두면 편한 점,질문형,단기간 사용할 번호가 필요한 사람,검토필요,
27,지역,인천 비대면개통,인천 비대면개통 진행 과정과 준비물,정보 가이드형,외국인 및 유학생,검토필요,
28,지역,대구 본인명의개통,대구 본인명의개통 필요할 때 확인할 조건,주의사항 중심형,휴대폰 정지 상태에서 본인 명의 번호가 필요한 사람,검토필요,
29,지역,대전 당일개통,대전 당일개통 원한다면 미리 준비할 것,체크리스트형,배달 및 업무용 휴대폰이 필요한 사용자,검토필요,
30,지역,광주 선불폰,광주 선불폰 개통 전에 요금제부터 정하는 법,선택 가이드형,업무용 번호나 세컨폰이 필요한 직장인 및 자영업자,검토필요,
